hausa,english,confidence_score
gilbowa,gilboa,1.0
dagon,dagon,1.0
abinadab,abinadab,1.0
malki,malchishua,1.0
yashobeyam,jashobeam,1.0
kabzeyel,kabzeel,1.0
elhanan,elhanan,1.0
felon,pelonite,1.0
helez,helez,1.0
ikkesh,ikkesh,1.0
sibbekai,sibbecai,1.0
maharai,maharai,1.0
firaton,pirathonite,1.0
ash,gaash,1.0
azmawet,azmaveth,1.0
harar,hararite,1.0
ur,ur,1.0
hefer,hepher,1.0
yowel,joel,1.0
natan,nathan,1.0
zeruhiya,zeruiah,1.0
gareb,gareb,1.0
zabad,zabad,1.0
hanan,hanan,1.0
shimri,shimri,1.0
yediyayel,jediael,1.0
eliyel,eliel,1.0
kish,kish,1.0
attai,attai,1.0
amasai,amasai,1.0
elihu,elihu,1.0
zadok,zadok,1.0
ahiyezer,ahiezer,1.0
issakar,issachar,1.0
naftali,naphtali,1.0
yahaziyel,jahaziel,1.0
shemariya,shemariah,1.0
shefatiya,shephatiah,1.0
elkana,elkanah,1.0
azarel,azarel,1.0
gedor,gedor,1.0
zebadiya,zebadiah,1.0
eliyab,eliab,1.0
ezer,ezer,1.0
ferez,perez,1.0
ahiyo,ahio,1.0
kafintoci,carpenters,1.0
gezer,gezer,1.0
shammuwa,shammua,1.0
shobab,shobab,1.0
ibhar,ibhar,1.0
yafiya,japhia,1.0
nefeg,nepheg,1.0
elifelet,eliphelet,1.0
elishama,elishama,1.0
amminadab,amminadab,1.0
abiyatar,abiathar,1.0
asahiya,asaiah,1.0
uriyel,uriel,1.0
shemahiya,shemaiah,1.0
etan,ethan,1.0
asaf,asaph,1.0
merari,merari,1.0
shemiramot,shemiramoth,1.0
mattitiya,mattithiah,1.0
azaziya,azaziah,1.0
kenaniya,chenaniah,1.0
shebaniya,shebaniah,1.0
eliyezer,eliezer,1.0
netanel,nethanel,1.0
elizafan,elizaphan,1.0
yedutun,jeduthun,1.0
hosa,hosah,1.0
hadadezer,hadadezer,1.0
hadoram,hadoram,1.0
ahitub,ahitub,1.0
abimelek,abimelech,1.0
feletiyawa,pelethites,1.0
nahash,nahash,1.0
hanun,hanun,1.0
medeba,medeba,1.0
nimrod,nimrod,1.0
kaftorawa,caphtorim,1.0
shem,shem,1.0
meshek,meshech,1.0
uz,uz,1.0
eber,eber,1.0
yoktan,joktan,1.0
feleg,peleg,1.0
kenan,kenan,1.0
ebal,ebal,1.0
ofir,ophir,1.0
yobab,jobab,1.0
hawila,havilah,1.0
reyu,reu,1.0
nahor,nahor,1.0
serug,serug,1.0
tera,terah,1.0
kedar,kedar,1.0
nebayiwot,nebaioth,1.0
mibsam,mibsam,1.0
lamek,lamech,1.0
metusela,methuselah,1.0
enok,enoch,1.0
mishma,mishma,1.0
duma,dumah,1.0
yetur,naphish,1.0
ketura,keturah,1.0
dedan,dedan,1.0
yokshan,jokshan,1.0
efer,epher,1.0
hanok,hanoch,1.0
yewush,jeush,1.0
elifaz,eliphaz,1.0
reyuwel,reuel,1.0
yalam,jalam,1.0
gatam,gatam,1.0
omar,omar,1.0
kenaz,kenaz,1.0
nahat,nahath,1.0
mizza,mizzah,1.0
zibeyon,zibeon,1.0
seyir,seir,1.0
dishon,dishon,1.0
dishan,dishan,1.0
shobal,shobal,1.0
lotan,lotan,1.0
yafet,japheth,1.0
onam,onam,1.0
manahat,manahath,1.0
itran,ithran,1.0
bilhan,bilhan,1.0
bela,bela,1.0
beyor,beor,1.0
husham,husham,1.0
samla,samlah,1.0
rehobot,rehoboth,1.0
akbor,achbor,1.0
magog,magog,1.0
tubal,tubal,1.0
mehetabel,mehetabel,1.0
oholibama,oholibamah,1.0
togarma,togarmah,1.0
ashkenaz,ashkenaz,1.0
seba,seba,1.0
ornan,ornan,1.0
beyersheba,beersheba,1.0
sidoniyawa,sidonians,1.0
beriya,beriah,1.0
yahat,jahath,1.0
shebuwel,shebuel,1.0
rehabiya,rehabiah,1.0
amariya,amariah,1.0
mali,mahli,1.0
mushi,mushi,1.0
eder,eder,1.0
haran,haran,1.0
abihu,abihu,1.0
itamar,ithamar,1.0
shekaniya,shecaniah,1.0
eliyashib,eliashib,1.0
immer,immer,1.0
bilga,bilgah,1.0
fetahahiya,pethahiah,1.0
delahiya,delaiah,1.0
shamir,shamir,1.0
yedahiya,jedaiah,1.0
harim,harim,1.0
malkiya,malchijah,1.0
miyamin,mijamin,1.0
netaniya,nethaniah,1.0
yeshahiya,jeshaiah,1.0
mattaniya,mattaniah,1.0
hashabiya,hashabiah,1.0
hanani,hanani,1.0
gedaliya,gedaliah,1.0
meshelemiya,meshelemiah,1.0
hilkiya,hilkiah,1.0
shelemiya,shelemiah,1.0
zikri,zichri,1.0
abner,abner,1.0
yazer,jazer,1.0
yowa,joah,1.0
yehozabad,jehozabad,1.0
ammiyel,ammiel,1.0
kemuwel,kemuel,1.0
omri,omri,1.0
azriyel,azriel,1.0
fedahiya,pedaiah,1.0
adiyel,adiel,1.0
zabdi,zabdi,1.0
shafat,shaphat,1.0
ahitofel,ahithophel,1.0
miklot,mikloth,1.0
nashon,nahshon,1.0
salma,salma,1.0
abigiyel,abigail,1.0
yeter,jether,1.0
hezron,hezron,1.0
azuba,azubah,1.0
hur,hur,1.0
uri,uri,1.0
segub,segub,1.0
yamin,jamin,1.0
shammai,shammai,1.0
abihayil,abihail,1.0
onan,onan,1.0
er,er,1.0
sheshan,sheshan,1.0
ishi,ishi,1.0
maresha,mareshah,1.0
rekem,rekem,1.0
taffuwa,tappuah,1.0
aksa,achsah,1.0
hamul,hamul,1.0
netofawa,netophathites,1.0
rekab,rechab,1.0
yabez,jabez,1.0
karmi,carmi,1.0
ahinowam,ahinoam,1.0
asa,asa,1.0
sheyaltiyel,shealtiel,1.0
zerubbabel,zerubbabel,1.0
meshullam,meshullam,1.0
talmai,talmai,1.0
haggit,haggith,1.0
felatiya,pelatiah,1.0
hattush,hattush,1.0
neyariya,neariah,1.0
igal,igal,1.0
eliyohenai,elioenai,1.0
azrikam,azrikam,1.0
akkub,akkub,1.0
felahiya,pelaiah,1.0
eliyada,eliada,1.0
faseya,paseah,1.0
serahiya,seraiah,1.0
yefunne,jephunneh,1.0
eshtemowa,eshtemoa,1.0
miriyam,miriam,1.0
heber,heber,1.0
zanowa,zanoah,1.0
keyila,keilah,1.0
hodiya,hodiah,1.0
reyahiya,reaiah,1.0
yarib,jarib,1.0
nemuwel,nemuel,1.0
molada,moladah,1.0
ezem,ezem,1.0
betuwel,bethuel,1.0
horma,hormah,1.0
arayim,shaaraim,1.0
saleka,salecah,1.0
bashan,bashan,1.0
guni,guni,1.0
hermon,hermon,1.0
senir,senir,1.0
hala,halah,1.0
gozan,gozan,1.0
fallu,pallu,1.0
meyon,meon,1.0
yehozadak,jehozadak,1.0
libni,libni,1.0
zimma,zimmah,1.0
assir,assir,1.0
ebiyasaf,ebiasaph,1.0
tahat,tahath,1.0
mahat,mahath,1.0
zuf,zuph,1.0
zefaniya,zephaniah,1.0
abishuwa,abishua,1.0
finehas,phinehas,1.0
adahiya,adaiah,1.0
abdi,abdi,1.0
shemer,shemer,1.0
bukki,bukki,1.0
uzzi,uzzi,1.0
zerahiya,zerahiah,1.0
merahiyot,meraioth,1.0
ahimawaz,ahimaaz,1.0
libna,libnah,1.0
yattir,jattir,1.0
debir,debir,1.0
aiyalon,aijalon,1.0
aner,aner,1.0
golan,golan,1.0
daberat,daberath,1.0
kiriyatayim,kiriathaim,1.0
bezer,bezer,1.0
kedemot,kedemoth,1.0
mefa,mephaath,1.0
mahanayim,mahanaim,1.0
shimron,shimron,1.0
tola,tola,1.0
kena,chenaanah,1.0
yezer,jezer,1.0
asriyel,asriel,1.0
zelofehad,zelophehad,1.0
ulam,ulam,1.0
shemida,shemida,1.0
sheyan,shean,1.0
megiddo,megiddo,1.0
malkiyel,malchiel,1.0
beker,becher,1.0
ashbel,ashbel,1.0
lod,lod,1.0
ono,ono,1.0
arad,arad,1.0
ataliya,athaliah,1.0
azel,azel,1.0
hasshub,hasshub,1.0
galal,galal,1.0
ahiman,ahiman,1.0
talmon,talmon,1.0
istifanas,stephanas,1.0
fentekos,pentecost,1.0
gayus,gaius,1.0
takunkumi,muzzle,1.0
magabcin,antichrist,1.0
kayinu,cain,1.0
lebanon,lebanon,1.0
hauren,ivory,1.0
faran,paran,1.0
nebat,nebat,1.0
kemosh,chemosh,1.0
shishak,shishak,1.0
tirza,tirzah,1.0
abiyam,abijam,1.0
kidron,kidron,1.0
asha,baasha,1.0
iyon,ijon,1.0
gibbeton,gibbethon,1.0
yezebel,jezebel,1.0
tishbe,tishbite,1.0
zarefat,zarephath,1.0
kishon,kishon,1.0
nimshi,nimshi,1.0
horeb,horeb,1.0
batsheba,bathsheba,1.0
abishag,abishag,1.0
shunam,shunammite,1.0
gihon,gihon,1.0
rogel,rogel,1.0
afek,aphek,1.0
eziyon,ezion,1.0
geber,geber,1.0
akish,achish,1.0
barzillai,barzillai,1.0
zaretan,zarethan,1.0
argob,argob,1.0
basemat,basemath,1.0
hizzob,hyssop,1.0
elon,elon,1.0
sukkot,succoth,1.0
hazor,hazor,1.0
alat,baalath,1.0
elot,eloth,1.0
fontus,pontus,1.0
saratu,sarah,1.0
bezek,bezek,1.0
sisera,sisera,1.0
merab,merab,1.0
shur,shur,1.0
azeka,azekah,1.0
ekron,ekron,1.0
nayiwot,naioth,1.0
hofni,hophni,1.0
doyeg,doeg,1.0
hakila,hachilah,1.0
zifawa,ziphites,1.0
gedi,gedi,1.0
layish,laish,1.0
shunem,shunem,1.0
besor,besor,1.0
ebenezer,ebenezer,1.0
ashkelon,ashkelon,1.0
filibbi,philippi,1.0
atens,athens,1.0
alekzanda,alexander,1.0
zora,zorah,1.0
lakish,lachish,1.0
efron,ephron,1.0
gerar,gerar,1.0
oded,oded,1.0
mayim,maim,1.0
larabawa,arabians,1.0
amoz,amoz,1.0
ofel,ophel,1.0
hinnom,hinnom,1.0
feka,pekah,1.0
remaliya,remaliah,1.0
eden,eden,1.0
algum,algum,1.0
konaniya,conaniah,1.0
miniyamin,miniamin,1.0
ahikam,ahikam,1.0
annabiya,prophetess,1.0
karkemish,carchemish,1.0
makawa,remedy,1.0
eliyakim,eliakim,1.0
toruwas,troas,1.0
arnon,arnon,1.0
elat,elath,1.0
menahem,menahem,1.0
yanowa,janoah,1.0
rezin,rezin,1.0
kir,kir,1.0
sefarfayim,sepharvaim,1.0
nergal,nergal,1.0
adrammelek,adrammelech,1.0
iffa,ivvah,1.0
esar,esar,1.0
ararat,ararat,1.0
sharezer,sharezer,1.0
zebub,zebub,1.0
tofet,topheth,1.0
hamutal,hamutal,1.0
ribla,riblah,1.0
elnatan,elnathan,1.0
kareya,kareah,1.0
ibileyam,ibleam,1.0
kimham,chimham,1.0
bikri,bichri,1.0
rizfa,rizpah,1.0
zalmon,zalmon,1.0
arauna,araunah,1.0
helkat,helkath,1.0
listira,lystra,1.0
demas,demas,1.0
luka,luke,1.0
tikikus,tychicus,1.0
miletus,miletus,1.0
turofimus,trophimus,1.0
erastus,erastus,1.0
demetiriyus,demetrius,1.0
fatu,tanner,1.0
kalaudiyus,claudius,1.0
muƙaddas,proconsul,1.0
famfiliya,pamphylia,1.0
ferga,perga,1.0
derbe,derbe,1.0
silisiya,cilicia,1.0
tiyatira,thyatira,1.0
firjiya,phrygia,1.0
yason,jason,1.0
kaisar,caesar,1.0
galliyo,gallio,1.0
yustus,justus,1.0
artemis,artemis,1.0
aristarkus,aristarchus,1.0
alfayus,alphaeus,1.0
zilot,zealot,1.0
filibus,philip,1.0
bartolomeyu,bartholomew,1.0
toma,thomas,1.0
gamaliyel,gamaliel,1.0
sadukiyawa,sadducees,1.0
bernis,bernice,1.0
kirit,crete,1.0
kayifas,caiaphas,1.0
annas,annas,1.0
hamor,hamor,1.0
lidda,lydda,1.0
amos,amos,1.0
keriyot,kerioth,1.0
kaftor,caphtor,1.0
efafaras,epaphras,1.0
lawodiseya,laodicea,1.0
belteshazar,belteshazzar,1.0
mishayel,mishael,1.0
ariyok,arioch,1.0
belshazar,belshazzar,1.0
damisa,leopard,1.0
jibra,gabriel,1.0
bene,bene,1.0
yotbata,jotbathah,1.0
gerizim,gerizim,1.0
ƙege,fins,1.0
hankaka,raven,1.0
rababben,cud,1.0
kofato,hoof,1.0
hazerot,hazeroth,1.0
kadesh,kadesh,1.0
barneya,barnea,1.0
eshkol,eshcol,1.0
anakawa,anakim,1.0
edireyi,edrei,1.0
adma,zeboiim,1.0
emawa,emim,1.0
horiyawa,horites,1.0
zered,zered,1.0
yabbok,jabbok,1.0
yeshurun,jeshurun,1.0
hor,hor,1.0
zin,zin,1.0
fisga,pisgah,1.0
zowar,zoar,1.0
feyor,peor,1.0
hatta,hattaavah,1.0
bashti,vashti,1.0
memukan,memucan,1.0
esta,esther,1.0
hegai,hegai,1.0
hammedata,hammedatha,1.0
fur,pur,1.0
zeresh,zeresh,1.0
furim,purim,1.0
elim,elim,1.0
refidim,rephidim,1.0
ungozomomin,midwives,1.0
tofaz,topaz,1.0
ametis,jacinth,1.0
yasfa,jasper,1.0
kwalta,tar,1.0
ahisamak,ahisamach,1.0
oholiyab,oholiab,1.0
goshen,goshen,1.0
kebar,chebar,1.0
azzur,azzur,1.0
dundurusai,battering,1.0
oholiba,oholibah,1.0
ohola,oholah,1.0
yeshimot,jeshimoth,1.0
memfis,memphis,1.0
zowan,zoan,1.0
enan,enan,1.0
shabbetai,shabbethai,1.0
yozadak,jozadak,1.0
kelita,kelita,1.0
farosh,parosh,1.0
bebai,bebai,1.0
fahat,pahathmoab,1.0
mattenai,mattenai,1.0
hashum,hashum,1.0
meremot,meremoth,1.0
sheshbazzar,sheshbazzar,1.0
azgad,azgad,1.0
adonikam,adonikam,1.0
bigwai,bigvai,1.0
ater,ater,1.0
bezai,bezai,1.0
rehum,rehum,1.0
kefira,chephirah,1.0
hadid,hadid,1.0
kadmiyel,kadmiel,1.0
ziha,ziha,1.0
giddel,giddel,1.0
nekoda,nekoda,1.0
harsha,harsha,1.0
henadad,henadad,1.0
artazerzes,artaxerxes,1.0
shimshai,shimshai,1.0
haggai,haggai,1.0
tattenai,tattenai,1.0
ahawa,ahava,1.0
yohiyarib,joiarib,1.0
sherebiya,sherebiah,1.0
abba,abba,1.0
milka,milcah,1.0
goyim,goiim,1.0
kedorlayomer,chedorlaomer,1.0
siddim,siddim,1.0
salem,salem,1.0
royi,lahai,1.0
fikol,phicol,1.0
makfela,machpelah,1.0
faddan,paddan,1.0
luz,luz,1.0
zilfa,zilpah,1.0
debora,deborah,1.0
fotifera,potiphera,1.0
zilla,zillah,1.0
kushan,cushan,1.0
rahab,rahab,1.0
barak,barak,1.0
akor,achor,1.0
oreb,oreb,1.0
dibon,dibon,1.0
eleyale,elealeh,1.0
sibma,sibmah,1.0
immanuwel,immanuel,1.0
ziffor,zippor,1.0
eshtawol,eshtaol,1.0
lehi,lehi,1.0
muƙamuƙin,jawbone,1.0
delila,delilah,1.0
sheshai,sheshai,1.0
akzib,achzib,1.0
adoni,adoni,1.0
abinowam,abinoam,1.0
haroshet,harosheth,1.0
yayel,jael,1.0
zeyib,zeeb,1.0
zalmunna,zebah,1.0
zebul,zebul,1.0
nehelam,nehelamite,1.0
gemariya,gemariah,1.0
neriya,neriah,1.0
baruk,baruch,1.0
yehudi,jehudi,1.0
hoshahiya,hoshaiah,1.0
holon,holon,1.0
dibilatayim,diblathaim,1.0
zofar,zophar,1.0
bildad,bildad,1.0
betani,bethany,1.0
marta,martha,1.0
didaimus,didymus,1.0
hosanna,hosanna,1.0
betsaida,bethsaida,1.0
iskariyot,iscariot,1.0
hujja,excuse,1.0
golgota,golgotha,1.0
magdalin,magdalene,1.0
soso,sponge,1.0
arimateya,arimathaea,1.0
aloyes,aloes,1.0
nikodimus,nicodemus,1.0
natanayel,nathanael,1.0
tibariya,tiberias,1.0
kafarnahum,capernaum,1.0
makkeda,makkedah,1.0
yarmut,jarmuth,1.0
akshaf,achshaph,1.0
nimra,nimrah,1.0
bakenizze,kenizzite,1.0
hogla,hoglah,1.0
atarot,ataroth,1.0
azazel,scapegoat,1.0
kwiɓi,loins,1.0
elzebub,beelzebul,1.0
kanari,sparrows,1.0
mustad,mustard,1.0
allura,needle,1.0
betfaji,bethsphage,1.0
hiridiyas,herodias,1.0
salmon,salmon,1.0
gennesaret,gennesaret,1.0
alabasta,alabaster,1.0
dekafolis,decapolis,1.0
bunni,bunni,1.0
yadduwa,jaddua,1.0
meshezabel,meshezabel,1.0
bakbukiya,bakbukiah,1.0
yohiyada,joiada,1.0
yohiyakim,joiakim,1.0
sanballat,sanballat,1.0
zuwar,zuar,1.0
helon,helon,1.0
shedeyur,elizur,1.0
zurishaddai,zurishaddai,1.0
deyuwel,deuel,1.0
eliyasaf,eliasaph,1.0
fedazur,pedahzur,1.0
gideyoni,gideoni,1.0
ammishaddai,ammishaddai,1.0
okran,pagiel,1.0
ahira,ahira,1.0
obot,oboth,1.0
miktam,poem,1.0
halleluya,hallelujah,1.0
sardis,sardis,1.0
alfa,omega,1.0
elimelek,elimelech,1.0
kiliyon,chilion,1.0
malon,mahlon,1.0
efraim,ephraim,0.994
yehoshafat,jehoshaphat,0.9934
yeriko,jericho,0.9915
damaskus,damascus,0.991
sodom,sodom,0.9895
yesse,jesse,0.9885
asher,asher,0.9885
urushalima,jerusalem,0.9882
sinai,sinai,0.987
yehohiyakim,jehoiakim,0.9863
heshbon,heshbon,0.9863
hamat,hamath,0.9859
kiriyat,kiriath,0.9855
sidon,sidon,0.9855
absalom,absalom,0.9836
nun,nun,0.9836
shekem,shechem,0.9831
yeshuwa,jeshua,0.9825
hananiya,hananiah,0.9818
irmiya,jeremiah,0.9815
shallum,shallum,0.9811
ramot,ramoth,0.9811
yowab,joab,0.9804
bowaz,boaz,0.9804
abishai,abishai,0.9796
yohanan,johanan,0.9796
timoti,timothy,0.9796
dariyus,darius,0.9796
eleyazar,eleazar,0.9793
yerobowam,jeroboam,0.9789
gomorra,gomorrah,0.9787
sihiyona,zion,0.9783
haruna,aaron,0.978
manasse,manasseh,0.9779
urdun,jordan,0.9779
amnon,amnon,0.9778
og,og,0.9778
rahila,rachel,0.9778
betel,bethel,0.9771
ahaz,ahaz,0.9762
isra,israel,0.9758
yabesh,jabesh,0.9756
nadab,nadab,0.9756
makir,machir,0.9756
amaziya,amaziah,0.975
obadiya,obadiah,0.9744
sairus,cyrus,0.9744
shusha,susa,0.9744
sela,selah,0.974
asabbaci,sabbath,0.9739
kaleb,caleb,0.9737
gilgal,gilgal,0.9737
dawuda,david,0.9736
yeyarim,jearim,0.973
geba,geba,0.973
nabot,naboth,0.973
nabal,nabal,0.973
daniyel,daniel,0.9718
afisa,ephesus,0.9714
solomon,solomon,0.9706
ibrahim,abraham,0.9706
sihon,sihon,0.9706
babilon,babylon,0.9698
yehohiyada,jehoiada,0.9697
uzziyel,uzziel,0.9697
mikal,michal,0.9697
ham,ham,0.9697
ahimelek,ahimelech,0.9697
ner,ner,0.9697
arower,aroer,0.9697
shaiɗan,satan,0.9691
zebulun,zebulun,0.9684
zoba,zobah,0.9677
azariya,azariah,0.9677
hezekiya,hezekiah,0.9677
zerzes,ahasuerus,0.9677
rabbi,rabbi,0.9677
rebeka,rebekah,0.9667
yonatan,jonathan,0.9662
rabba,rabbah,0.9655
galili,galilee,0.965
elam,elam,0.9643
abiya,abijah,0.9643
shimeyi,shimei,0.9639
mizfa,mizpah,0.9639
ayuba,job,0.9636
obed,obed,0.963
iddo,iddo,0.963
tamar,tamar,0.963
zimri,zimri,0.963
adoniya,adonijah,0.963
nebo,nebo,0.963
bafilistin,philistine,0.963
araba,arabah,0.963
ziba,ziba,0.963
mefiboshet,mephibosheth,0.963
festus,festus,0.963
abednego,abednego,0.963
ishaya,isaiah,0.9623
mordekai,mordecai,0.9623
samariya,samaria,0.9617
zedekiya,zedekiah,0.9612
laban,laban,0.9608
ziklag,ziklag,0.96
amram,amram,0.96
hosheya,hoshea,0.96
hushai,hushai,0.96
titus,titus,0.96
andarawus,andrew,0.96
eglon,eglon,0.96
musa,moses,0.9599
filistiyawa,philistines,0.9593
gibeyon,gibeon,0.9589
asehiya,maaseiah,0.9583
hebron,hebron,0.9571
berekiya,berechiah,0.9565
yayir,jair,0.9565
hazar,hazar,0.9565
shemesh,shemesh,0.9565
kedesh,kedesh,0.9565
rehob,rehob,0.9565
tabor,tabor,0.9565
fashhur,pashhur,0.9565
makidoniya,macedonia,0.9565
agiriffa,agrippa,0.9565
cara,rooster,0.9565
gileyad,gilead,0.9562
ishaku,isaac,0.9558
nebukadnezzar,nebuchadnezzar,0.9556
ahiya,ahijah,0.9545
isuwa,esau,0.9545
liyatu,leah,0.9538
yoshuwa,joshua,0.9535
benahiya,benaiah,0.9524
yeroham,jeroham,0.9524
gog,gog,0.9524
afollos,apollos,0.9524
akayya,achaia,0.9524
gaza,gaza,0.9524
barabbas,barabbas,0.9524
zebedi,zebedee,0.9524
efod,ephod,0.9512
lilin,linen,0.9508
rimmon,rimmon,0.95
benyamin,benjamin,0.9496
taya,tyre,0.9492
masar,egypt,0.9491
bitrus,peter,0.9486
betlehem,bethlehem,0.9485
ahab,ahab,0.948
yozabad,jozabad,0.9474
arfakshad,arpachshad,0.9474
zakkur,zaccur,0.9474
bezalel,bezalel,0.9474
geshur,geshur,0.9474
ammihud,ammihud,0.9474
abiram,abiram,0.9474
cokula,shovels,0.9474
ashdod,ashdod,0.9474
antiyok,antioch,0.9474
korneliyus,cornelius,0.9474
akwatin,ark,0.9468
bilatus,pilate,0.9464
shawulu,saul,0.946
mikahiya,micaiah,0.9455
ƙirya,acacia,0.9455
farisiyawa,pharisees,0.9448
kaisariya,caesarea,0.9444
yahuda,judah,0.9441
sheba,sheba,0.9412
bozra,bozrah,0.9412
yakin,jachin,0.9412
yerameyel,jerahmeel,0.9412
yehohanan,jehohanan,0.9412
ofra,ophrah,0.9412
abdon,abdon,0.9412
kunamai,scorpions,0.9412
felis,felix,0.9412
datan,dathan,0.9412
nehemiya,nehemiah,0.9412
dina,dinah,0.9412
elizabet,elizabeth,0.9412
ubangiji,yahweh,0.941
fir,pharaoh,0.9407
assuriya,assyria,0.9407
shunayya,purple,0.94
siman,simon,0.9388
asahel,asahel,0.9375
heman,heman,0.9375
ela,elah,0.9375
ahaziya,ahaziah,0.9375
maryamu,mary,0.9375
zera,zerah,0.9362
ir,barley,0.9333
gershom,gershom,0.9333
enosh,enosh,0.9333
mahalalel,mahalalel,0.9333
yared,jared,0.9333
sharon,sharon,0.9333
urim,urim,0.9333
nebuzaradan,nebuzaradan,0.9333
ittai,ittai,0.9333
haman,haman,0.9333
binnuyi,binnui,0.9333
beyer,beer,0.9333
yabin,jabin,0.9333
rehobowam,rehoboam,0.9318
nuhu,noah,0.9307
hazayel,hazael,0.9302
yusuf,joseph,0.9292
abram,abram,0.9286
uzziya,uzziah,0.9286
saira,sarai,0.9286
en,en,0.9268
iliya,elijah,0.9261
iblis,devil,0.9254
yahudiya,judea,0.9247
firist,priest,0.9241
uriya,uriah,0.9231
amasa,amasa,0.9231
shema,shema,0.9231
yotam,jotham,0.9231
fenuwel,penuel,0.9231
malluk,malluch,0.9231
firiskila,aquila,0.9231
korint,corinth,0.9231
yerub,jerubbaal,0.9231
shafan,shaphan,0.9231
ikoniyum,iconium,0.9231
sairin,cyrene,0.9231
abarim,abarim,0.9231
hanta,liver,0.9231
leɓatun,toe,0.9231
hagar,hagar,0.9231
el,el,0.9231
manowa,manoah,0.9231
tafanes,tahpanhes,0.9231
salkuna,wineskins,0.9231
samson,samson,0.9211
eli,eli,0.9206
kiristi,christ,0.9202
bet,beth,0.9194
yohanna,john,0.9181
barnabas,barnabas,0.918
ishmayel,ishmael,0.9167
hannatu,hannah,0.9167
ish,ishbosheth,0.9167
jahannama,gehenna,0.9167
dan,dan,0.9143
manna,manna,0.9143
balak,balak,0.9114
yaƙub,jacob,0.9096
husha,hushathite,0.9091
isshiya,isshiah,0.9091
ahilud,ahilud,0.9091
hakkoz,hakkoz,0.9091
mawon,maon,0.9091
moza,moza,0.9091
refahiya,rephaiah,0.9091
ehud,ehud,0.9091
shuwal,shual,0.9091
galatiya,galatia,0.9091
bahurim,bahurim,0.9091
nob,nob,0.9091
maƙalawa,breastplate,0.9091
yunana,jonah,0.9091
hiridus,herod,0.9091
mattiyu,matthew,0.9091
barikin,barracks,0.9091
ananiyas,ananias,0.9091
likita,physician,0.9091
haƙori,tooth,0.9091
tummim,thummim,0.9091
farantansa,dishes,0.9091
mamre,mamre,0.9091
shittim,shittim,0.9091
lazarus,lazarus,0.9091
gibeya,gibeah,0.907
tagulla,bronze,0.9062
yosiya,josiah,0.9057
mowab,moab,0.9032
mur,myrrh,0.9032
tabanakul,tabernacle,0.9021
zif,ziph,0.9
zur,zur,0.9
mikmash,michmash,0.9
meriba,meribah,0.9
ango,bridegroom,0.9
dabino,palm,0.8986
yefta,jephthah,0.898
zuma,honey,0.8966
sennakerib,sennacherib,0.8966
kwanduna,baskets,0.8966
asiya,asia,0.8947
azurfa,silver,0.8938
omi,naomi,0.8936
ƙonawa,burnt,0.8931
gobe,tomorrow,0.8929
ezra,ezra,0.8929
edom,edom,0.8918
kafara,atonement,0.8914
aho,ahohite,0.8889
gad,gad,0.8889
alfadarai,mules,0.8889
shihor,shihor,0.8889
set,seth,0.8889
shamma,shammah,0.8889
hodawiya,hodaviah,0.8889
ashan,ashan,0.8889
meyunawa,meunim,0.8889
hagirawa,hagrites,0.8889
bani,bani,0.8889
anatot,anathoth,0.8889
nowa,mahlah,0.8889
imna,imnah,0.8889
addar,addar,0.8889
maƙaryaci,liar,0.8889
hankaki,ravens,0.8889
wuƙaƙe,knives,0.8889
awen,aven,0.8889
hawwa,eve,0.8889
azaniya,jaazaniah,0.8889
tob,tob,0.8889
ikoki,principalities,0.8889
muƙaddasan,presidents,0.8889
abib,abib,0.8889
hatak,hathach,0.8889
rameses,rameses,0.8889
yetro,jethro,0.8889
zohar,zohar,0.8889
zattu,zattu,0.8889
dabbare,speckled,0.8889
kyarkeci,wolf,0.8889
horonayim,horonaim,0.8889
sefer,sepher,0.8889
anat,anath,0.8889
abis,abyss,0.8889
ilu,michael,0.8824
shilo,shiloh,0.8824
simeyon,simeon,0.8791
shuɗi,blue,0.8791
ƙetarewa,passover,0.8777
zaki,lion,0.875
netofa,netophathite,0.875
gishiri,salt,0.875
yekoniya,jeconiah,0.875
gwauruwa,widow,0.875
shebna,shebna,0.875
tobiya,tobiah,0.875
tariyar,warp,0.875
am,balaam,0.8741
yowash,joash,0.8723
ruben,reuben,0.8718
yehoyahaz,jehoahaz,0.8718
keretawa,cherethites,0.8696
ruhaniya,spiritual,0.8696
karnuka,dogs,0.8696
maskil,contemplation,0.8696
talenti,talents,0.8684
hadad,hadad,0.8684
malaman,scribes,0.8682
karanta,read,0.8682
ammonawa,ammon,0.8677
masarawa,egyptians,0.8671
zabura,psalm,0.8661
adamu,adam,0.8649
farisa,persia,0.8621
bulus,paul,0.8611
alkama,wheat,0.8602
zakariya,zechariah,0.86
abiyel,abiel,0.8571
aiya,aiah,0.8571
gomer,gomer,0.8571
goliyat,goliath,0.8571
miliyon,million,0.8571
yeremot,jeremoth,0.8571
onis,onyx,0.8571
efrata,ephrathah,0.8571
mesha,mesha,0.8571
bilha,bilhah,0.8571
ashtarot,ashtaroth,0.8571
yashub,jashub,0.8571
hushim,hushim,0.8571
shutela,shuthelah,0.8571
sera,serah,0.8571
alemet,alemeth,0.8571
sallu,sallu,0.8571
aljanu,demons,0.8571
alliyar,ashtoreth,0.8571
karmel,carmel,0.8571
raƙumi,camel,0.8571
buntus,pontius,0.8571
mahalat,mahalath,0.8571
mattan,mattan,0.8571
arabiya,arabia,0.8571
inki,ink,0.8571
arfad,arpad,0.8571
ninebe,nineveh,0.8571
bereya,beroea,0.8571
galiliyawa,galileans,0.8571
mujiyar,pelican,0.8571
mulmul,sleek,0.8571
zakanya,lioness,0.8571
hawwot,havvoth,0.8571
hahirot,pihahiroth,0.8571
mara,marah,0.8571
ziffora,zipporah,0.8571
beril,chrysolite,0.8571
shuɗiyar,lace,0.8571
saƙaƙƙun,finely,0.8571
fotifar,potiphar,0.8571
munana,ugly,0.8571
asu,moth,0.8571
kafinta,carpenter,0.8571
haki,pant,0.8571
bel,bel,0.8571
wutsiyoyinsu,tails,0.8571
rekabawa,rechabites,0.8571
silowam,siloam,0.8571
amayar,vomited,0.8571
yokneyam,jokneam,0.8571
bamot,bamoth,0.8571
gerasenawa,gadarenes,0.8571
geshem,geshem,0.8571
bamidiyana,midianite,0.8571
makware,quails,0.8571
mashaidin,truthful,0.8571
gat,gath,0.8539
yezireyel,jezreel,0.8533
lawiyawa,levites,0.8529
zinariya,gold,0.8513
yehu,jehu,0.85
gideyon,gideon,0.8471
zakoki,lions,0.8462
amon,amon,0.8444
alluna,tablets,0.8444
adullam,adullam,0.8421
saifurus,cyprus,0.8421
naɗi,consecration,0.8421
tattabarai,pigeons,0.8421
arameyawa,syrians,0.8411
ashera,asherah,0.8406
murabba,square,0.8387
ɓarawo,thief,0.8372
arewa,north,0.8364
madara,milk,0.8352
firistoci,priests,0.8338
girgashiyawa,girgashite,0.8333
tema,tema,0.8333
yaban,javan,0.8333
darik,darics,0.8333
fumfuna,blight,0.8333
yoffa,joppa,0.8333
kaɗe,musician,0.8333
lo,lo,0.8333
tessalonika,thessalonica,0.8333
romawa,romans,0.8333
massa,massah,0.8333
mabuɗin,key,0.8333
yisti,unleavened,0.8319
yoram,joram,0.8302
duhu,darkness,0.8291
gehazi,gehazi,0.8276
diloli,jackals,0.8276
yahudawa,jews,0.8258
babiloniyawa,chaldeans,0.8244
abiyezer,abiezer,0.8235
kwaf,cup,0.8235
yaye,weaned,0.8235
wuta,fire,0.8217
misalai,parables,0.8205
tentin,meeting,0.819
gera,gera,0.8182
kacici,riddle,0.8182
malam,teacher,0.8172
yesu,jesus,0.8161
takobi,sword,0.8153
rabin,half,0.8152
munafukai,hypocrites,0.8108
amin,amen,0.8103
maɗaukaki,armies,0.8101
allah,god,0.8077
littafin,book,0.8063
ikan,angel,0.8012
dare,night,0.8007
dodo,dodo,0.8
ariyel,ariel,0.8
felet,pelet,0.8
otniyel,othniel,0.8
arkitawa,archite,0.8
eleyasa,eleasah,0.8
keniyawa,kenites,0.8
dor,dor,0.8
tauraron,star,0.8
kefas,cephas,0.8
mako,week,0.8
ɓarayi,thieves,0.8
amoriyawa,amorites,0.8
furfura,gray,0.8
kerub,cherub,0.8
lauje,sickle,0.8
ramummuka,holes,0.8
geshurawa,geshurites,0.8
yehohiyacin,jehoiachin,0.8
medes,medes,0.8
ƙoƙon,skull,0.8
turu,stocks,0.8
dabo,enchanters,0.8
mediya,media,0.8
ungulu,vulture,0.8
shamuwa,stork,0.8
ulun,fleece,0.8
wutsiya,tail,0.8
migdol,migdol,0.8
kuza,tin,0.8
shirayinta,arches,0.8
melkizedek,melchizedek,0.8
maƙerin,goldsmith,0.8
mil,stadia,0.8
sakatunta,bolts,0.8
talatin,thirty,0.7961
annabi,prophet,0.796
bakwai,seven,0.7938
raɓa,dew,0.7931
annabawa,prophets,0.7928
kamu,cubits,0.7905
zina,adultery,0.7901
aman,naaman,0.7895
binne,buried,0.7888
abada,forever,0.7888
mawaƙa,singers,0.7887
ashirin,twenty,0.7879
teman,teman,0.7857
karuwai,prostitutes,0.7857
uzza,uzza,0.7826
izhar,izhar,0.7826
tekowa,tekoa,0.7826
kwaɗi,frogs,0.7826
kaɗaice,isolate,0.7826
rumman,pomegranates,0.7805
garaya,harp,0.7797
mazinata,adulterers,0.7778
gyangyaɗi,slumber,0.7778
istifanus,stephen,0.7778
saffaya,sapphire,0.7778
dinari,denarius,0.7778
wawa,fool,0.7763
jarumin,centurion,0.7755
shekel,shekels,0.7742
sashensa,division,0.7742
girgizar,earthquake,0.7742
raguna,lambs,0.7719
kekunan,chariots,0.7708
ƙarfe,iron,0.7701
arba,forty,0.7698
ala,baalah,0.7692
hiwiyawa,hivite,0.7692
shelomit,shelomith,0.7692
ikkilisiyoyi,assemblies,0.7692
samariyawa,samaritans,0.7692
gibeyonawa,gibeonites,0.7692
kofatan,hoofs,0.7692
tarshish,tarshish,0.766
gaggafa,eagle,0.766
gabas,east,0.7647
jiragen,ships,0.7647
sarauniya,queen,0.764
ben,ben,0.7632
hiram,hiram,0.7619
ɗumi,warm,0.7619
dakalai,bases,0.7619
gafarar,remission,0.7619
annoba,pestilence,0.7586
elisha,elisha,0.7586
da,the,0.7585
gicciye,crucified,0.7579
teku,sea,0.7555
jakuna,donkeys,0.7523
zarto,saws,0.75
buz,buz,0.75
ishbi,ishvi,0.75
mehola,meholah,0.75
magina,builders,0.75
tsaki,hiss,0.75
maƙeri,blacksmith,0.75
tsamiya,tamarisk,0.75
cokali,fork,0.75
fekahiya,pekahiah,0.75
beyerot,beeroth,0.75
funisiya,phoenicia,0.75
majami,synagogue,0.75
italiya,italy,0.75
iyo,swim,0.75
algaita,zither,0.75
ƙudan,bees,0.75
auratayya,marriages,0.75
filistiya,philistia,0.75
gunaguninku,murmurings,0.75
fiƙe,tenons,0.75
turkuwoyis,turquoise,0.75
huluna,headbands,0.75
tsatsarta,rust,0.75
jijiyoyi,sinews,0.75
tel,tel,0.75
ƙunshe,inkhorn,0.75
maharbi,archer,0.75
bukkoki,shelters,0.75
hosiya,hosea,0.75
arab,arabian,0.75
bakene,kenite,0.75
kunama,akrabbim,0.75
turken,peg,0.75
melek,ebedmelech,0.75
maniyyi,emission,0.75
aladun,pigs,0.75
guragu,lame,0.7451
rama,ramah,0.7447
lawi,levi,0.7442
doki,horse,0.7436
haƙa,dug,0.7429
marayu,fatherless,0.7429
faranti,platter,0.7429
rut,ruth,0.7429
kohat,kohath,0.7407
mika,micah,0.7407
harsuna,languages,0.7407
timna,timnah,0.7407
hamada,wilderness,0.739
ul,cedar,0.7385
garayu,harps,0.7368
mazinaciya,adulteress,0.7368
ƙaho,trumpet,0.736
aunin,shekel,0.7353
gwauraye,widows,0.7347
hadaya,offering,0.7342
madawwamiya,endures,0.7327
tsirara,naked,0.7317
salama,peace,0.7313
kabarin,tomb,0.729
ummai,nations,0.7289
mashayi,drunkard,0.7273
soko,socoh,0.7273
jiya,yesterday,0.7273
sila,silas,0.7273
shinar,shinar,0.7273
sokewa,persians,0.7273
alade,pig,0.7273
kwami,trough,0.7273
yahaz,jahaz,0.7273
kinneret,chinnereth,0.7273
masunta,fishermen,0.7273
adin,adin,0.7273
ƙwanƙwasa,knocks,0.7273
lahani,defect,0.726
raƙuma,camels,0.725
kabari,sheol,0.7234
ferizziyawa,perizzite,0.7222
aljani,demon,0.7222
bangaskiya,faith,0.7212
gershonawa,gershonites,0.72
toka,ashes,0.72
kwarin,valley,0.7185
gyaren,repairs,0.7179
bijimai,bulls,0.7156
shimeya,shimea,0.7143
yunwa,famine,0.7143
ƙusoshi,nails,0.7143
etam,etam,0.7143
neko,necoh,0.7143
tsutsotsi,worms,0.7143
ƙauyen,village,0.7143
bijimi,bull,0.7126
iku,angels,0.7114
sarki,king,0.7108
kora,korah,0.7103
taga,window,0.7097
kare,dog,0.7097
taurari,stars,0.7091
turare,incense,0.709
uku,three,0.7059
rafa,giant,0.7059
yashi,sand,0.7059
agag,agag,0.7059
buhunsa,sack,0.7059
n,eunuch,0.7059
lamunin,collateral,0.7059
amarya,bride,0.7059
rami,pit,0.7042
tsuntsu,bird,0.7042
abokan,enemies,0.704
kerubobi,cherubim,0.7021
hitti,hittite,0.7018
yebusiyawa,jebusite,0.7018
rera,sing,0.7013
asabbatai,moons,0.7
yehonadab,jonadab,0.7
madawwami,eternal,0.6984
kogin,river,0.696
keɓewarsa,separation,0.6957
karɓar,tax,0.6957
dukan,all,0.6955
sayar,sold,0.6939
ibraniyawa,hebrews,0.6923
bagade,altar,0.6901
tuna,remember,0.6898
gershon,gershon,0.6897
kudu,south,0.6888
aram,syria,0.6879
tashin,resurrection,0.6875
abel,abel,0.6875
hamsin,fifty,0.687
alloli,gods,0.6866
wanka,bathe,0.6866
almajiransa,disciples,0.686
farilla,statute,0.6857
tsarki,holy,0.6855
inabi,wine,0.6848
yehiyel,jehiel,0.6842
baftisma,baptized,0.6818
gwamna,governor,0.6818
yehoram,jehoram,0.6818
aniyawa,canaanites,0.6804
me,why,0.6801
zoban,rings,0.6786
abadin,ever,0.6783
shirayin,porch,0.6769
sassafe,early,0.6769
hayaƙi,smoke,0.6744
yamma,evening,0.6735
tarihin,chronicles,0.6733
yau,today,0.6732
kitsen,fat,0.6718
ce,said,0.6717
san,know,0.6711
mijinta,husband,0.6705
biyar,five,0.6703
sabon,new,0.6692
duniya,earth,0.6678
kogon,cave,0.6667
refahiyawa,rephaim,0.6667
kwaruruka,valleys,0.6667
naharayim,mesopotamia,0.6667
kittim,kittim,0.6667
kubensa,sheath,0.6667
amalekawa,amalekites,0.6667
fileser,tilgath,0.6667
macizai,serpents,0.6667
sarewa,pipe,0.6667
dalaye,overlaid,0.6667
kakanninsa,slept,0.6667
molek,molech,0.6667
maruƙa,calves,0.6667
jakina,saddle,0.6667
ɓaure,fig,0.6667
rarrafe,creeping,0.6667
fiffiken,wing,0.6667
hantsuka,snuffers,0.6667
gwaje,trials,0.6667
nassi,scripture,0.6667
majajjawa,sling,0.6667
naushin,chasing,0.6667
horesh,woods,0.6667
hulɗa,dealings,0.6667
marurai,tumors,0.6667
malami,preacher,0.6667
garura,crimson,0.6667
makoni,weeks,0.6667
ƙanshi,aroma,0.6667
kumburi,swelling,0.6667
jingine,leaning,0.6667
littattafai,books,0.6667
ɗarikar,sect,0.6667
almajirin,disciple,0.6667
kyarketai,wolves,0.6667
bafarisiyen,pharisee,0.6667
zazzaɓin,fever,0.6667
takardar,divorce,0.6667
tofa,spit,0.6667
kwaɓan,kneading,0.6667
ƙaiƙayin,itch,0.6667
ƙudaje,flies,0.6667
yayyafi,showers,0.6667
dafin,venom,0.6667
kumbura,swell,0.6667
yanyawa,foxes,0.6667
ɗinta,lodges,0.6667
minarka,mina,0.6667
ebed,ebed,0.6667
rumbu,barn,0.6667
ciyayin,weeds,0.6667
mujiyoyi,ostriches,0.6667
heres,heres,0.6667
matsattsiyar,narrow,0.6667
tukwane,potter,0.6667
hananel,hananel,0.6667
canjin,changers,0.6667
moɗa,log,0.6667
ginen,buildings,0.6667
shanyayyen,paralytic,0.6667
kaki,wax,0.6667
rubuce,written,0.6651
sarakunan,kings,0.6612
alamu,signs,0.6609
kabilar,tribe,0.6608
wanke,wash,0.6596
budurwa,virgin,0.6575
tsuntsayen,birds,0.6571
sammai,heavens,0.657
banƙyama,abominations,0.6569
fatar,skin,0.6567
itatuwan,trees,0.656
ciyawa,grass,0.6555
biyu,two,0.6545
iska,wind,0.6543
sanyi,cold,0.6512
guguwa,whirlwind,0.6512
tsibirai,islands,0.6512
mahayan,horsemen,0.6506
ɗan,son,0.6502
lambun,garden,0.6494
dattawan,elders,0.6488
kohatawa,kohathites,0.6486
ƙishirwa,thirsty,0.6471
midiyawa,midian,0.6452
zaitun,olive,0.6441
shida,six,0.644
makiyayi,shepherd,0.6437
ruri,roar,0.6429
kamunkai,sober,0.6429
tarko,snare,0.6429
hayan,farmers,0.6429
ƙasar,land,0.6423
o,prayers,0.6415
wasiƙu,letters,0.64
kwandon,basket,0.64
assuriyawa,assyrians,0.64
tsoma,dip,0.64
yaji,spices,0.6389
yatsarsa,finger,0.6383
takuba,swords,0.6383
ruhu,spirit,0.6367
oak,oak,0.6364
karin,proverb,0.6364
lu,pearls,0.6364
wawaye,fools,0.6353
dubu,thousand,0.634
hellenawa,greeks,0.6316
goshinsa,forehead,0.6316
keɓewar,dedication,0.6316
almon,almond,0.6316
tsaiko,settings,0.6316
tuya,baker,0.6316
mugaye,wicked,0.6314
gaskata,believe,0.631
girgije,cloud,0.6309
makafi,blind,0.6306
tsakanin,between,0.6302
sunayen,names,0.6301
barewa,deer,0.6286
tagogi,windows,0.6286
baftismar,baptism,0.6286
leƙen,spies,0.6286
gizagizai,clouds,0.6275
alama,sign,0.6267
maza,sons,0.6266
ni,me,0.6261
ayin,ain,0.625
jeri,row,0.625
ganga,tambourine,0.625
ibada,devout,0.625
kursiyoyi,thrones,0.625
rina,dyed,0.625
gizo,rainbow,0.625
farauto,venison,0.625
cizon,gnashing,0.625
haurawa,ascents,0.625
huɗu,four,0.6246
hikima,wise,0.6238
yarinyar,lady,0.6234
gashin,hair,0.6232
dawakai,horses,0.6214
tamanin,eighty,0.6207
nassosi,scriptures,0.6207
awace,lusts,0.6207
gai,greet,0.6197
lamiri,conscience,0.619
madogarar,threshold,0.619
gonakin,vineyards,0.6186
umma,nation,0.6185
lallausan,fine,0.6178
ƙayayyuwa,thorns,0.6176
walƙiya,lightning,0.6173
ruhohi,spirits,0.6154
malamai,teachers,0.6154
kifin,fish,0.6154
shafewa,anointing,0.6154
lashe,licked,0.6154
ƙerarriyar,buds,0.6154
guduma,hammer,0.6154
ɗango,caterpillar,0.6154
raƙuman,waves,0.6154
yauwa,aha,0.6154
tsinken,speck,0.6154
birnin,city,0.6146
mafaka,refuge,0.6145
mu,we,0.6142
gonar,vineyard,0.6135
namun,animals,0.6126
irorin,wheels,0.6111
kaifi,sharp,0.6111
annabci,prophesy,0.6095
ƙwarƙwarai,concubines,0.6087
jarraba,temptation,0.6087
kurma,deaf,0.6087
yayyafa,sprinkle,0.6076
ƙofar,gate,0.6074
waƙa,song,0.6069
amma,but,0.6061
sittin,sixty,0.6061
leƙi,spy,0.6061
damina,winter,0.6061
tagomashi,favor,0.6061
gaɓoɓin,members,0.6047
sojan,commanding,0.6047
ulu,wool,0.6038
ƙura,dust,0.6036
wahayi,vision,0.6016
masaƙa,weaver,0.6
korayawa,korahites,0.6
gatura,axes,0.6
mashaya,drunkards,0.6
yumɓu,clay,0.6
ɓeraye,mice,0.6
matsakanci,mediator,0.6
wanki,fuller,0.6
faten,stew,0.6
kurciya,dove,0.6
roma,rome,0.6
banazare,nazareth,0.6
girka,greece,0.6
tekuna,seas,0.6
namansu,carcasses,0.6
damin,sheaf,0.6
cizo,lice,0.6
woroworo,bracelets,0.6
gyambuna,sores,0.6
maƙogwaronsu,throat,0.6
ƙyallayen,cloths,0.6
manajan,manager,0.6
barci,sleep,0.5988
saba,seventy,0.5981
bunsuru,goat,0.5965
balawe,levite,0.5957
ɗari,hundred,0.5955
ƙa,statutes,0.5952
budurwai,virgins,0.5946
ɗinsa,width,0.5938
shekara,year,0.5933
sansani,encamped,0.5926
maraƙi,calf,0.5926
efa,ephah,0.5915
hawaye,tears,0.5915
hanci,bribe,0.5909
raguwar,remnant,0.5891
ganima,plunder,0.5889
albarka,blessed,0.5885
maharba,archers,0.5882
molo,lyre,0.5882
manzo,apostle,0.5882
ama,naamah,0.5882
gaci,beach,0.5882
buguwa,drunkenness,0.5882
ƙugiyoyin,fillets,0.5882
dodon,monster,0.5882
tabarmarka,mat,0.5882
magatakarda,scribe,0.5867
shaidu,witnesses,0.5867
maganar,word,0.5858
ƙuri,lots,0.5854
koguna,rivers,0.5854
maciji,serpent,0.5846
karsana,heifer,0.5833
fure,blossom,0.5833
tuta,banner,0.5833
tsami,vinegar,0.5833
kwaɓaɓɓe,tenths,0.5833
haske,light,0.5826
waɗannan,these,0.5823
gina,built,0.5822
fitilu,lamps,0.5818
zalla,pure,0.5811
bakararriya,barren,0.5806
taurare,hardened,0.5797
farillanka,precepts,0.5797
sumba,kiss,0.5789
tumaki,sheep,0.5787
gwamnoni,governors,0.5778
daga,from,0.5775
jinƙai,mercy,0.5758
ɗakunan,rooms,0.5739
rago,ram,0.5729
zunubi,sin,0.5724
asshur,asshur,0.5714
matashin,footstool,0.5714
ara,arah,0.5714
buɗe,opened,0.5714
uwargijiyarta,mistress,0.5714
lardunan,provinces,0.5714
kurkuku,prison,0.5714
mafarki,dream,0.5714
dajiya,capital,0.5714
buhunanmu,sacks,0.5714
makamin,weapon,0.5714
sata,steal,0.5714
hancinsa,nostrils,0.5714
shanyayye,paralyzed,0.5714
mujiya,owl,0.5714
zoben,ring,0.5714
matuƙan,pilots,0.5714
aholaki,colt,0.5714
hatsi,grain,0.5702
mahaifiyarsa,mother,0.5681
fasikanci,sexual,0.5672
yawa,many,0.5666
kira,called,0.5661
la,curse,0.5654
horon,horon,0.5652
cinyar,thigh,0.5652
matalauta,poor,0.5649
safe,morning,0.5643
macijin,dragon,0.5641
ɗamara,belt,0.5625
gayyata,invited,0.5625
hasumiyar,tower,0.5625
numfashi,breath,0.5618
ƙauyukansu,villages,0.5607
garkuwoyi,shields,0.56
mulkokin,kingdoms,0.56
azumi,fast,0.56
kala,glean,0.56
misali,parable,0.56
tuddai,hills,0.5595
ƙahonin,horns,0.5591
godiya,thanks,0.5586
ruwa,water,0.5582
asabbataina,sabbaths,0.5581
ɗiga,discharge,0.5581
shekaru,years,0.5557
ladan,ladan,0.5556
makabarta,burial,0.5556
talauci,poverty,0.5556
manta,forget,0.5537
ƙanƙara,hail,0.5517
koya,teach,0.5512
jinin,blood,0.5507
reshen,branch,0.55
makiyaya,shepherds,0.5495
rawanin,crown,0.5474
tituna,streets,0.5474
tsarkaka,saints,0.5466
arziki,rich,0.5464
kauɗar,raisins,0.5455
yerimot,jerimoth,0.5455
lidiya,lud,0.5455
gaɓa,member,0.5455
sassauta,lighter,0.5455
rafin,brook,0.5455
garwashi,coals,0.5455
gatari,ax,0.5455
reza,razor,0.5455
taurinkai,stiff,0.5455
mag,heir,0.5455
tsibirin,island,0.5455
hoton,inscription,0.5455
gamsheƙa,viper,0.5455
liyafar,banquet,0.5455
takalminsa,sandal,0.5455
maɗauri,clasps,0.5455
mahaurai,mounds,0.5455
bansha,desirable,0.5455
murjani,rubies,0.5455
goshinsu,foreheads,0.5455
wuƙa,knife,0.5455
takalmansa,loosen,0.5455
farantan,censers,0.5455
idarsu,standards,0.5455
ananne,cursed,0.5437
wasiƙar,letter,0.5429
manzanni,apostles,0.5424
haɗiye,swallowed,0.5424
girbi,harvest,0.5424
kewaye,around,0.5417
kaburbura,tombs,0.5405
yar,sister,0.5389
tanderun,fiery,0.5385
ƙahonsa,sounded,0.5385
ƙirjin,waved,0.5385
tudu,hill,0.5379
watan,month,0.5375
mafarkin,interpretation,0.5373
mace,woman,0.5368
halittu,creatures,0.5352
ƙararraki,sounds,0.5333
hades,hades,0.5333
gicciyen,cross,0.5333
igiyoyi,ropes,0.5333
hular,helmet,0.5333
kushawa,ethiopians,0.5333
mashawarta,counselors,0.5333
jinkirin,slow,0.5333
tubula,brick,0.5333
haskoki,lights,0.5333
adar,adar,0.5333
musayar,exchange,0.5333
birgima,wallow,0.5333
sarƙaƙƙiya,briers,0.5333
madubi,glass,0.5333
ƙone,burned,0.5324
madawwamin,everlasting,0.5321
gafarta,forgive,0.5316
dutsen,mount,0.5315
yuferites,euphrates,0.5312
lot,lot,0.5303
keken,chariot,0.5303
gidan,house,0.53
bagadai,altars,0.5294
zane,cloth,0.5294
lardi,province,0.5294
wannan,this,0.5286
fi,than,0.5281
kibiyoyi,arrows,0.5263
mowabawa,moabites,0.5263
kishi,jealousy,0.5263
kifinsu,nets,0.5263
kibiritu,sulfur,0.5263
kayanki,traded,0.5263
tangaɗi,stagger,0.5263
katakan,boards,0.5246
ad,when,0.5237
za,will,0.5237
baƙo,foreigner,0.5235
abokin,enemy,0.5234
masussuka,threshing,0.5231
zan,i,0.5226
rawan,trembling,0.5217
kisankan,murderer,0.5217
ƙwato,recovered,0.5217
manomi,farmer,0.5217
rana,day,0.5216
tsoro,afraid,0.5216
ƙarƙashin,under,0.5208
ƙayyadaddun,feasts,0.52
busasshiyar,dry,0.5185
haɓaka,flourish,0.5185
fitila,lamp,0.5179
bari,let,0.5173
rurin,roaring,0.5161
kashegari,next,0.5152
shi,him,0.5144
koyi,learn,0.5128
kaɗawa,wave,0.5128
murfin,seat,0.5116
jirgin,boat,0.5116
zurfafan,depths,0.5116
ƙahoni,trumpets,0.5106
kwanon,ladle,0.5106
majalisa,council,0.5098
do,inheritance,0.5097
m,spear,0.5096
gode,thank,0.5091
mutum,man,0.5087
maɓulɓulan,springs,0.5085
jajjefe,stoned,0.5079
ɗaci,bitter,0.5079
ku,you,0.5079
bishara,news,0.5067
itacen,tree,0.5042
banza,vain,0.5025
burodi,bread,0.501
farko,first,0.5008
kaciya,uncircumcised,0.5
millo,millo,0.5
shanu,cattle,0.5
tace,refined,0.5
tsokane,provoke,0.5
mazansu,husbands,0.5
ƙyama,abomination,0.5
watsar,scatter,0.5
garwa,cors,0.5
sarƙoƙi,chains,0.5
gemu,beard,0.5
tulunan,containers,0.5
maitanci,wizards,0.5
warkewa,incurable,0.5
karan,measuring,0.5
kwatanta,compare,0.5
fashi,robbers,0.5
bokayen,enchantments,0.5
kush,ethiopia,0.5
amai,vomit,0.5
gaji,weary,0.5
mariri,gazelle,0.5
murɗe,strangled,0.5
adun,customs,0.5
ƙugiyoyi,hooks,0.5
gawasa,apple,0.5
tulunki,pitcher,0.5
rungumi,nipples,0.5
gittit,instrument,0.5
tattabaru,doves,0.5
kokawa,wrestled,0.5
bukukkuwan,convocations,0.5
tsutsa,worm,0.5
tafa,clap,0.5
nonon,cluster,0.5
banazaren,nazirite,0.5
masanan,lawyers,0.5
suka,they,0.4991
kada,don,0.4989
kabilan,tribes,0.4975
sama,heaven,0.4954
haskaka,shine,0.4944
haikali,temple,0.4929
cutar,plague,0.4925
tuntuɓe,stumble,0.4921
halicce,created,0.4918
rammuka,sockets,0.4918
warkar,heal,0.4903
bincike,examine,0.4894
awaki,goats,0.4882
tuba,repent,0.4878
gumaka,idols,0.487
garkuwa,shield,0.4865
ƙauyukanta,towns,0.4865
narke,melted,0.4865
ƙosar,satisfy,0.4865
alherin,grace,0.486
yehowash,jehoash,0.4848
jima,uncover,0.4839
mutu,die,0.4828
ƙungiyoyi,companies,0.4828
goma,ten,0.4828
jarirai,babies,0.4828
yistin,yeast,0.4828
tabo,spot,0.4828
amincinka,faithfulness,0.4828
takwas,eight,0.4821
iyalai,households,0.4819
muni,worse,0.4815
gunaguni,murmured,0.4815
adalci,righteousness,0.4814
saniya,ox,0.481
hasumiyoyi,towers,0.48
rataye,hanged,0.4789
amsa,answered,0.4784
duwatsu,mountains,0.4776
in,if,0.477
doka,law,0.4766
takalma,sandals,0.4762
cinikinki,wares,0.4762
furen,lilies,0.4762
dogara,trust,0.4755
ƙiyayya,hatred,0.4737
rani,summer,0.4737
karuwa,prostitute,0.4727
taƙama,boast,0.4727
rassa,branches,0.4719
matattu,dead,0.4713
fitina,contentious,0.4706
kagarata,fortress,0.4706
shagali,celebrate,0.4706
acibalbal,torches,0.4706
ƙyashin,covet,0.4706
zalin,robbery,0.4706
fyaɗa,dashed,0.4706
kimanta,dedicates,0.4706
kaiton,woe,0.4688
filayen,plains,0.4688
jaki,donkey,0.4685
juji,dung,0.4681
ko,or,0.4681
tebur,table,0.4677
kamar,like,0.4674
fuskokinsu,faces,0.4673
matarsa,wife,0.4671
rayu,live,0.4669
rufin,roof,0.4667
duhunta,darkened,0.4667
dabba,animal,0.4659
dubbai,thousands,0.4658
kusurwa,corner,0.4651
mutuwa,death,0.465
yaron,child,0.4648
yaɗuwa,leprosy,0.4643
waje,outside,0.4641
matsaran,gatekeepers,0.4638
sansanin,camp,0.4636
su,them,0.4634
cancanci,worthy,0.4628
iyalansu,families,0.4622
kasai,risked,0.4615
yebus,jebus,0.4615
alƙalamin,pen,0.4615
toya,baked,0.4615
nauyi,heavy,0.4615
katanga,fortified,0.4615
tafki,pool,0.4615
kwalabar,vial,0.4615
damuwarsu,distresses,0.4615
shafin,skirt,0.4615
aikaci,laborer,0.4615
cututtuka,diseases,0.4615
daɓen,pavement,0.4615
linzami,bridle,0.4615
ƙugiya,hook,0.4615
makanta,blindness,0.4615
kindirmo,butter,0.4615
igiyoyin,cords,0.4615
gaisuwa,greetings,0.4615
alƙalan,magistrates,0.4615
karambanin,dared,0.4615
kunnuwansa,stops,0.4615
taguwoyi,tunics,0.4615
magwajin,weights,0.4615
alkawura,covenants,0.4615
hazo,frost,0.4615
gurun,molding,0.4615
ɗinki,embroiderer,0.4615
ƙosai,wafer,0.4615
kyauro,papyrus,0.4615
jagoran,clubs,0.4615
malala,flows,0.4615
dammuna,sheaves,0.4615
rance,usury,0.4615
gulma,gossip,0.4615
hadayun,offerings,0.4611
kiyaye,keep,0.4611
ƙoshi,satisfied,0.46
jirgi,ship,0.4595
gaban,before,0.4591
ammon,ammonite,0.4571
dafa,boiled,0.4571
nilu,nile,0.4571
ada,adah,0.4571
girbe,reap,0.4561
shiru,silent,0.4557
rusuna,bowed,0.4556
sau,times,0.4548
rena,despised,0.4545
cetonmu,savior,0.4545
bokaye,magicians,0.4545
jiƙe,wet,0.4545
mallaki,possess,0.454
dabbar,beast,0.4536
ilawa,children,0.4535
katangar,wall,0.4534
abinci,food,0.453
saiwa,root,0.4528
tsakar,noon,0.4528
inuwar,shadow,0.4524
zumunci,fellowship,0.4516
bege,hope,0.4516
ɗakin,room,0.4516
ɗanɗana,tasted,0.4516
zakka,tithes,0.4516
filin,court,0.4514
umarnin,commandment,0.4514
maƙwabcinsa,neighbor,0.4512
aika,sent,0.4506
dutse,stone,0.4504
sumbace,kissed,0.45
kuringar,vine,0.45
laushi,flour,0.4494
gudu,fled,0.4489
rantse,swore,0.4486
ci,eat,0.4481
kiwonsu,pasture,0.4478
dama,right,0.4476
sunan,name,0.4474
kurmi,forest,0.4471
garuruwan,cities,0.4466
kullum,always,0.4459
gari,meal,0.4444
sirdi,saddled,0.4444
kyakkyawa,beautiful,0.4444
gwaji,trial,0.4444
askin,shearers,0.4444
tabbacin,assurance,0.4444
tsabtaccewarsa,cleansing,0.4444
hadari,storm,0.4444
kwalaba,hin,0.4444
addu,prayer,0.4434
kanka,yourself,0.4419
kulle,shut,0.4409
maƙarƙashiya,conspired,0.4407
kusurwoyi,corners,0.4407
tsawa,thunder,0.4407
jingina,pledge,0.44
ƙasashe,countries,0.4394
tunawa,memorial,0.439
tsananta,persecuted,0.4384
furanni,flowers,0.4375
kibiya,arrow,0.4375
kwartayenta,lovers,0.4375
mulkin,kingdom,0.4359
bakkunansu,bows,0.4348
bambanta,distinction,0.4348
hasara,loss,0.4348
adarta,period,0.4348
tsayinsa,height,0.4337
bauta,serve,0.4335
man,oil,0.4335
ƙarshe,last,0.4332
sana,craftsmen,0.4324
niƙa,millstone,0.4324
nawa,mine,0.4321
inda,where,0.4314
titi,street,0.4314
kanku,yourselves,0.4313
dasa,plant,0.4308
wofi,empty,0.4304
fanshe,redeem,0.4286
ƙidayan,census,0.4286
nunan,fruits,0.4286
banruwa,watered,0.4286
jahilci,ignorance,0.4286
sulke,mail,0.4286
sulɓi,smooth,0.4286
lokuta,seasons,0.4286
maƙaryata,liars,0.4286
uwaye,mothers,0.4286
tuƙaƙƙun,braided,0.4286
karatun,reading,0.4286
ragwaye,idle,0.4286
bambanci,partiality,0.4286
bayyanuwar,appearing,0.4286
nishi,groan,0.4286
aji,treasurers,0.4286
rufi,housetops,0.4286
ɓarzajjen,dough,0.4286
kwiyakwiyanta,cubs,0.4286
sayarwa,seller,0.4286
ri,locusts,0.4286
auni,balances,0.4286
wakilai,deputies,0.4286
shafen,plaster,0.4286
sussuka,thresh,0.4286
tsarkakakke,pronounce,0.4286
santsi,slippery,0.4286
shanyayyu,maimed,0.4286
cike,full,0.4282
tsoron,fear,0.4275
tushen,foundation,0.427
tsaya,stood,0.4268
fushi,anger,0.4263
murna,glad,0.426
waƙoƙi,songs,0.4255
tasa,ninety,0.4255
yan,brothers,0.4251
nama,meat,0.4247
banrazana,awesome,0.4242
tulun,jar,0.4242
aske,shave,0.4231
bakunansu,mouths,0.4231
gadona,couch,0.4211
yanci,liberty,0.4211
ƙeta,malice,0.4211
tsibin,heaps,0.4211
ƙwaƙule,fetters,0.4211
bawanka,servant,0.4201
sararin,sky,0.4198
waɗanda,those,0.4194
iyakar,border,0.4176
watanni,months,0.4167
zaƙi,honeycomb,0.4167
taurin,stubbornness,0.4167
tuƙuru,diligent,0.4167
ɗamarar,skillfully,0.4167
tanƙware,bent,0.4167
yanzu,now,0.4152
tattara,gather,0.415
kyau,good,0.4149
fikafikansu,wings,0.4146
kuɗi,money,0.4145
albarkace,bless,0.4141
ɗaukakar,glory,0.4141
farin,joy,0.414
jaka,bag,0.4138
harshen,flame,0.4138
kursiyin,throne,0.4135
baƙi,strangers,0.4133
ƙazantar,defile,0.4125
taimake,help,0.4125
naka,yours,0.4122
gangan,unwittingly,0.4118
raye,lives,0.4115
azin,preached,0.4107
ba,t,0.4107
asirin,mystery,0.4103
wauta,folly,0.4103
yardajje,accepted,0.4103
ramin,den,0.4103
azi,preach,0.4096
sadu,meet,0.4091
ƙaunataccena,beloved,0.4091
tawali,humility,0.4091
naƙuda,travail,0.4082
tsara,generation,0.4079
ruga,ran,0.4071
gaya,tell,0.407
rubuta,write,0.4055
koyarwa,teaching,0.4054
shuki,sow,0.4054
ƙofofin,doors,0.4051
alkawari,covenant,0.405
yashe,forsaken,0.4046
canja,changed,0.4043
kowane,every,0.4022
daure,bound,0.402
kusa,near,0.4018
umarce,commanded,0.4012
ƙasusuwan,bones,0.4
kayayyakin,vessels,0.4
ƙahon,horn,0.4
wataƙila,perhaps,0.4
mare,cheek,0.4
dakalin,panels,0.4
zazzage,insulted,0.4
markus,mark,0.4
sabunta,renew,0.4
kwanto,ambush,0.4
ƙafafun,legs,0.4
haukace,insane,0.4
kuturu,leper,0.4
tsabtacce,cleansed,0.4
alkawaran,promises,0.4
sulhu,reconciliation,0.4
gungurar,rolled,0.4
laka,mire,0.4
ambaliya,flood,0.4
garaje,rash,0.4
masifu,evils,0.4
maɓulɓula,fountain,0.4
cinyewa,devouring,0.4
wari,foul,0.4
hayar,leased,0.4
ƙarafan,pins,0.4
magani,balm,0.4
gwiwa,knee,0.4
murhu,oven,0.4
kaɗai,alone,0.3973
cece,save,0.3964
rantsuwar,oath,0.3958
ikkilisiya,assembly,0.3954
kansa,himself,0.3951
farka,awake,0.3947
tsummoki,sackcloth,0.3939
ƙarya,false,0.3936
ɓoye,hidden,0.3924
matsin,press,0.3913
yabi,praise,0.391
ji,heard,0.3907
tsaye,standing,0.3905
gandu,forced,0.3902
nesa,far,0.3898
jinƙanka,mercies,0.3889
noma,plow,0.3889
azanci,simple,0.3889
ƙidaya,counted,0.3886
hatimi,engravings,0.3871
azantar,comforted,0.3871
tsofaffi,aged,0.3871
toho,bud,0.3871
zo,came,0.3868
kunya,disappointed,0.3866
tsawata,rebuke,0.3853
kafaɗunsu,shoulders,0.3846
ƙwarƙwarar,concubine,0.3846
sahihiyar,doctrine,0.3846
tafkin,lake,0.3846
juna,another,0.3842
ƙauna,love,0.3837
ginshiƙi,pillar,0.383
saurare,listen,0.3824
mata,daughters,0.3818
zuriyarka,offspring,0.381
igiyar,plumb,0.381
adalcina,cleanness,0.381
ruɓa,decay,0.381
yayin,chaff,0.381
fansarki,redeemer,0.381
tsit,calm,0.381
hanyoyinku,amend,0.381
jarumawa,valor,0.38
bayan,after,0.3791
ruwaye,waters,0.3789
roƙonku,beg,0.3784
auren,wedding,0.3784
sandan,rod,0.378
rafuffuka,streams,0.3774
matsara,guard,0.377
kisankai,murder,0.3768
kahu,established,0.3761
shayarwa,bearer,0.375
wainar,cake,0.375
shela,shelah,0.375
tsage,split,0.375
hatimce,sealed,0.375
bayinta,maidens,0.375
tafin,sole,0.375
hancinki,nose,0.375
leƙo,spied,0.375
tallafe,dash,0.375
tsawatata,reproof,0.375
barazana,threats,0.375
kaza,pleiades,0.375
raga,grating,0.375
hijira,fugitives,0.375
kashedi,warning,0.375
tarkon,fowler,0.375
wuri,sanctuary,0.374
labulen,veil,0.3736
bisa,according,0.3736
ceto,saved,0.3729
rabi,cubit,0.3729
hallakarwa,destroyer,0.3721
namu,ours,0.3721
sandar,scepter,0.3721
mafi,most,0.3718
daraja,precious,0.3713
tawaye,rebellious,0.3709
makoki,mourning,0.3707
rawar,tremble,0.3704
gyaran,repair,0.3704
kango,desolation,0.3699
mamaki,marveled,0.3697
gado,bed,0.3696
ruɗu,deceit,0.3696
haifa,born,0.3684
kash,ah,0.3684
abubuwa,things,0.3681
albarkar,blessing,0.3678
rubutun,writing,0.3673
kasuwa,merchants,0.3673
hadayarta,continual,0.3673
yanƙwane,withered,0.3673
tsakiyar,middle,0.3672
zub,shed,0.3667
garkunan,herds,0.3667
kawunan,heads,0.3663
hallaka,destroy,0.3663
fara,began,0.3663
shugaban,captain,0.3656
kwana,days,0.3636
sauran,rest,0.3636
saya,buy,0.3636
yanar,capitals,0.3636
iyayengijinku,masters,0.3636
ɗacin,bitterness,0.3636
sace,stolen,0.3636
nufa,purposed,0.3636
jama,congregation,0.3631
s,again,0.3631
tare,with,0.3625
mutane,people,0.3622
rabo,portion,0.3608
kawo,bring,0.3598
gwada,test,0.3597
tsararraki,generations,0.359
girman,proud,0.359
ƙaunace,loved,0.3582
taru,gathered,0.3581
sowa,shout,0.3579
sha,drink,0.3576
aikin,work,0.3575
ɗaya,one,0.3572
yankan,cutters,0.3571
zurfi,deep,0.3571
garke,flock,0.3571
gajiyar,wearied,0.3571
uwansa,brother,0.3563
kauce,astray,0.3559
tattaka,straw,0.3556
zubi,molten,0.3556
ƙazantu,unclean,0.3554
yaya,how,0.3533
rai,life,0.3529
ƙarƙashinsa,subjected,0.3529
kayanka,baggage,0.3529
shugabanninku,leaders,0.3529
barbara,rods,0.3529
albarkun,blessings,0.3529
harsunansu,tongues,0.3529
ƙyamarsu,alienated,0.3529
aurenta,pledged,0.3529
talauta,sells,0.3529
fitowar,sunrise,0.3529
tuluna,pitchers,0.3529
saɓon,blasphemy,0.3529
albashin,denarii,0.3529
shaƙe,choked,0.3529
mugunta,evil,0.3528
ne,is,0.3524
shaidar,testimony,0.3521
kashe,killed,0.3521
gaskiya,truth,0.3514
zaune,sitting,0.3513
tsabta,clean,0.3511
ruɗe,deceived,0.3509
takawa,walking,0.3509
shari,judgment,0.3507
murya,loud,0.3502
dona,heritage,0.35
tafiya,walk,0.3495
wanda,who,0.3495
ƙasƙantar,humbled,0.3492
magana,speak,0.349
kagarar,stronghold,0.3478
baye,gifts,0.3478
autan,youngest,0.3478
hayaniya,uproar,0.3478
ganyayensa,leaves,0.3478
sarƙar,chain,0.3478
jinkiri,delay,0.3478
kakaki,alarm,0.3478
ƙarfafawa,encouragement,0.3478
kafaɗa,straps,0.3478
ɗaga,lifted,0.3471
juya,turned,0.3468
waɗansu,some,0.3467
gara,better,0.3467
ana,canaan,0.3464
fafari,pursued,0.3462
ɗi,fell,0.3459
abokansa,friends,0.3457
bayyana,revealed,0.3454
fahimci,understand,0.3453
tsarkake,sanctify,0.3452
ƙiba,fattened,0.3448
fadada,enlarged,0.3448
adawa,contrary,0.3448
littafi,scroll,0.3438
gashi,hairy,0.3429
ƙarshen,end,0.3427
tafi,go,0.3423
miƙa,offer,0.3422
halitta,creation,0.3421
ƙara,more,0.3421
allahnmu,our,0.3416
bulala,scourge,0.3415
mahaifinsa,father,0.3409
iya,can,0.3387
can,there,0.3387
tufafinsa,tore,0.3385
cinye,devoured,0.338
matansu,wives,0.3378
tattake,tread,0.3377
zaɓa,chosen,0.3376
mazaunan,inhabitants,0.3359
tsira,escape,0.3356
maigidansa,master,0.3353
kakanninku,fathers,0.3349
ƙanƙanta,least,0.3333
zaɓi,chose,0.3333
hori,hori,0.3333
baitulmali,treasuries,0.3333
yardar,willingly,0.3333
gwanin,colors,0.3333
shaidarsa,testifies,0.3333
wartsake,refresh,0.3333
nannaɗe,wrapped,0.3333
biyayyarku,obedience,0.3333
fansa,vengeance,0.3333
jaririn,baby,0.3333
mafarkai,dreams,0.3333
dushe,dim,0.3333
ambace,mention,0.3333
annobai,plagues,0.3333
iyayen,parents,0.3333
kagarun,palaces,0.3333
haskakawa,shining,0.3333
shelarsa,publish,0.3333
jure,endured,0.3333
baƙunci,aliens,0.3333
gabagadi,boldly,0.3333
more,moreh,0.3333
kusaci,approach,0.3333
sheƙarsa,nest,0.3333
ciniki,purchase,0.3333
garwan,bath,0.3333
mahaliccinsu,maker,0.3333
mulki,reign,0.3327
kaɗan,few,0.3316
kunne,ear,0.3315
baka,bow,0.3307
iko,lord,0.3304
fushin,wrath,0.3303
tausayin,compassion,0.3294
fararen,white,0.3291
kamannin,likeness,0.3273
gunki,carved,0.3265
mayar,restore,0.3262
saboda,therefore,0.3259
alƙalai,judges,0.3256
jefa,cast,0.3251
girgiza,shaken,0.325
hanyoyi,paths,0.325
tarayya,partakers,0.3243
dariya,laugh,0.3243
gefe,side,0.3242
shelar,proclaim,0.3235
biyayya,obey,0.3235
yaushe,long,0.3228
lada,reward,0.3226
ɓad,disguised,0.3226
nutse,sink,0.3226
rum,western,0.3226
hannun,hand,0.3216
r,array,0.32
annabcin,prophecy,0.32
gamshe,pleasing,0.32
shaida,witness,0.32
salkar,container,0.32
bangaskiyarsu,unbelief,0.32
anoni,curses,0.32
matasa,youths,0.32
4,reeds,0.32
ganewa,understanding,0.3196
kwanta,lie,0.3187
bushe,dried,0.3186
ƙin,hates,0.3182
warkarwa,healing,0.3182
ɗauki,took,0.3163
zuriya,listed,0.3158
gurbi,example,0.3158
tagullar,burnished,0.3158
tukunya,pot,0.3158
ƙarasa,ended,0.3158
haifaffun,native,0.3158
nishina,groaning,0.3158
haihuwar,birthday,0.3158
tabon,deeper,0.3158
ribar,credit,0.3158
nuna,show,0.3148
harshe,language,0.3146
kyautar,gift,0.3143
gwani,skillful,0.3137
mamakin,astonished,0.3137
kabilarsu,upward,0.3133
yaƙi,battle,0.3132
roƙe,begged,0.313
arewancin,northward,0.3125
rufe,covered,0.3125
bebe,mute,0.3125
mudu,measures,0.3125
maɓulɓular,spring,0.3125
farat,suddenly,0.3125
kaina,myself,0.3123
kukata,petitions,0.3111
siffanta,formed,0.3111
hali,courageous,0.3107
suma,faint,0.3103
manne,cling,0.3103
yantar,free,0.3097
kalmomin,words,0.3091
tambaye,asked,0.3084
hanyar,way,0.3083
bai,didn,0.3079
hidima,minister,0.3077
ƙirga,count,0.3077
ƙafafunsa,feet,0.3077
harbi,shoot,0.3077
riba,gain,0.3077
ganyaye,herbs,0.3077
ƙazamar,dishonest,0.3077
kansu,themselves,0.3075
ma,also,0.3062
sauri,quickly,0.3056
jira,wait,0.3051
riɓaɓɓanya,multiply,0.3051
tufafi,clothing,0.3049
lokaci,time,0.3045
hadayu,sacrifices,0.3039
kunyar,ashamed,0.3038
rauni,wounded,0.3038
domin,because,0.3034
aboki,friend,0.303
uwanki,sisters,0.303
hauka,madness,0.303
tsaro,watchman,0.3023
kamata,ought,0.3022
aibi,blameless,0.3019
leɓunan,lips,0.3014
tabbatacce,surely,0.3004
natsuwa,quietness,0.3
nawaita,burdened,0.3
tsokanar,provocation,0.3
ramako,avenger,0.3
haɗama,greedy,0.3
fasaha,workmanship,0.3
siffofi,detestable,0.3
shugabannin,captains,0.2993
sani,knowledge,0.2988
raba,divide,0.2985
aminci,faithful,0.298
iyayengiji,lords,0.2979
tukunyar,vessel,0.2979
shimfiɗa,spread,0.2974
shirya,prepared,0.2967
tara,ninth,0.2967
makamansa,armor,0.2963
tambayoyi,questions,0.2963
kwaɗayi,covetousness,0.2963
muhawwara,reasoned,0.2963
yafe,forgave,0.2963
raina,soul,0.2947
mahaifin,became,0.2941
musamman,especially,0.2941
tawayen,rebellion,0.2941
ayyukanku,doings,0.2941
wuya,hard,0.2936
zunubanmu,iniquities,0.2933
danne,oppressed,0.2927
firiya,fly,0.2927
taro,convocation,0.2917
zauna,dwell,0.2911
girmama,honor,0.291
yiwuwa,possible,0.2903
gargaɗe,warned,0.2899
ƙarfi,strong,0.2895
game,concerning,0.2878
haka,so,0.2877
umarnanka,commandments,0.2874
sawwaƙe,forbid,0.2857
18,eighteen,0.2857
roƙonka,please,0.2857
barkatai,sycamore,0.2857
dukiyarku,substance,0.2857
kayayyakinsa,furniture,0.2857
jarrabce,tempted,0.2857
mafifici,excellent,0.2857
tsire,plants,0.2857
dame,bother,0.2857
raunin,wound,0.2857
fafare,pursue,0.2857
akari,prudent,0.2857
saɓo,blaspheme,0.2857
warwatse,dispersed,0.2857
yankunan,regions,0.2857
matse,presses,0.2857
karuwancinki,prostitution,0.2857
karkace,crooked,0.2857
ƙanshin,smell,0.2857
wadatar,reverse,0.2857
bukatarsa,needs,0.2857
taron,multitude,0.2846
shawarar,counsel,0.284
ginin,building,0.2832
karɓi,received,0.2813
ƙarami,small,0.2812
ƙazanta,uncleanness,0.2812
sarauta,royal,0.2807
lissafta,accounted,0.2807
gidaje,houses,0.2805
bashe,betrayed,0.28
zafin,fierce,0.28
adam,mankind,0.28
cika,filled,0.2798
girma,great,0.2797
ciwo,sick,0.2791
gani,see,0.2787
ihu,cried,0.278
shiga,into,0.2779
jefar,thrown,0.2778
jimrewa,perseverance,0.2778
neman,seek,0.2773
razana,terror,0.2772
hukunta,punish,0.2767
kori,drive,0.2764
babu,no,0.276
yabon,praising,0.2759
farkon,beginning,0.2759
naɗaɗɗen,seals,0.2759
fuskarsa,face,0.2752
ikon,power,0.2751
cikakke,perfect,0.2745
ido,eye,0.2732
kome,nothing,0.2728
ambaci,mentioned,0.2727
rawa,dancing,0.2727
jimre,endure,0.2727
fansar,redemption,0.2727
bashin,owed,0.2727
hukuncinsu,visitation,0.2727
kututturen,roots,0.2727
taimakona,helper,0.2727
soki,pierce,0.2727
rigyawa,overflowing,0.2727
rigarsa,garment,0.2718
zuga,stirred,0.2712
karkiyar,yoke,0.2712
wadata,wealth,0.2708
komandodin,hundreds,0.2703
kanmu,ourselves,0.2703
tak,once,0.2703
ciwon,sickness,0.2703
kwano,dish,0.2703
wahala,trouble,0.2698
adadin,ordinance,0.2692
riguna,garments,0.2687
ƙafa,foot,0.2685
maimakon,instead,0.2685
masujadan,places,0.2667
kishin,envy,0.2667
renon,nurse,0.2667
makaman,weapons,0.2667
murƙushe,crush,0.2667
koma,return,0.2663
hanyoyinsa,ways,0.2656
gawawwaki,bodies,0.2647
tuɓe,strip,0.2647
nasu,theirs,0.2642
horo,discipline,0.2642
ninki,double,0.2632
iri,seed,0.2629
gamshi,pleases,0.2623
taguwa,robe,0.2609
gamsu,content,0.2609
riyata,defense,0.2609
ƙarairayi,lies,0.2609
wahalolin,sufferings,0.2609
hatsari,danger,0.2609
laƙwas,feeble,0.2609
hurawa,stubble,0.2609
ganye,leaf,0.2609
uwarta,treacherous,0.2609
sassaƙa,engraved,0.2597
danƙa,entrusted,0.2593
lissafi,account,0.2581
amanar,treacherously,0.2581
reni,contempt,0.2581
nonanki,breasts,0.2581
tsammani,think,0.2577
yini,nights,0.2574
yayinda,while,0.2573
ado,embroidered,0.2571
shafe,anointed,0.2569
bayinka,servants,0.2569
aukar,accomplish,0.2564
tussan,foundations,0.2564
hidimar,service,0.2559
hannuwansu,hands,0.2553
cuta,disease,0.2553
tsufa,age,0.2549
daram,firm,0.254
doron,surface,0.2535
kwance,lying,0.2535
bakina,mouth,0.2535
maƙiyansa,adversaries,0.2532
dukiya,treasure,0.2532
ƙwanƙolin,top,0.2526
tumɓuke,plucked,0.25
ɓangarori,doorkeepers,0.25
16,sixteen,0.25
fasalin,pattern,0.25
haramta,devoted,0.25
tentunan,tents,0.25
tik,bare,0.25
yarjejjeniya,treaty,0.25
zarar,soon,0.25
aikina,worker,0.25
makyarkyata,trembled,0.25
cim,overtake,0.25
jakadu,ambassadors,0.25
gasa,roasted,0.25
tilasta,compelled,0.25
tsalle,leap,0.25
kakanni,forefathers,0.25
yaɗu,scab,0.25
sanar,known,0.2483
aka,was,0.2475
shirye,ready,0.2468
ɗanyen,green,0.2449
zalunci,oppress,0.2449
saye,clothed,0.2446
fil,ancient,0.2439
ƙaƙaf,utterly,0.2435
haƙuri,patience,0.2432
bugi,strike,0.2431
samaniya,heavenly,0.2424
shuɗewa,passing,0.2424
ɗiba,handful,0.2424
doguwar,sash,0.2424
baiwa,maid,0.2424
tuttuɓe,stripped,0.24
ƙashin,bone,0.24
cikakkiya,perfected,0.24
tsagaggun,rocks,0.24
karkaɗe,shook,0.24
roƙona,petition,0.24
saifires,cypress,0.24
kyansa,beauty,0.24
mece,ails,0.24
wasa,sharpen,0.24
tsayayya,resist,0.24
zuciyata,heart,0.2398
bishe,led,0.2388
iyakokin,ends,0.2381
mahaifa,womb,0.2381
gaggauta,hurry,0.2381
zuba,poured,0.2379
fadar,palace,0.2373
mazauninka,dwelling,0.2368
kashi,part,0.2358
faru,happened,0.2353
shekarun,reckon,0.2353
dangi,relative,0.2353
masifarsu,calamity,0.2353
nome,plowed,0.2353
mallakar,jubilee,0.2353
dole,must,0.2351
mayaƙa,army,0.2345
ciyar,feed,0.234
ɗayan,other,0.2336
abu,thing,0.2336
ayyukansa,deeds,0.2333
so,want,0.2331
bayina,sending,0.2326
miƙe,straight,0.2319
baƙin,sorrow,0.2317
katangarki,walls,0.2308
fariya,arrogant,0.2308
roƙonsu,maintain,0.2308
bayansu,backs,0.2308
kwararo,flow,0.2308
zukatan,hearts,0.2297
dangina,relatives,0.2295
gwiwoyin,knees,0.2286
gaggawa,haste,0.2286
amfaninta,yield,0.2286
sami,found,0.2277
rikici,violence,0.2273
wajen,toward,0.2271
cuce,hurt,0.2264
jikin,body,0.2244
kwashe,carried,0.2242
baiwar,healings,0.2222
tafiyar,journey,0.2222
faman,labors,0.2222
anar,mean,0.2222
kabarinta,grave,0.2222
wawiya,mocked,0.2222
dattijo,elder,0.2222
mazauninsa,habitation,0.2222
maƙwabtanmu,neighbors,0.2222
gyara,correction,0.2222
tsakanina,token,0.2222
masifar,pronounced,0.2222
jagora,guides,0.2222
karkashe,edge,0.2209
mashigin,entry,0.2182
share,sweep,0.2174
ƙi,rejected,0.2163
tentinsa,pitched,0.2162
masifa,disaster,0.2162
tunaninsu,thoughts,0.2162
hanyoyin,walked,0.2156
ƙarfafa,strengthen,0.2152
riƙe,hold,0.215
bukatarki,granted,0.2143
rigarka,cloak,0.2143
kogwannin,strongholds,0.2143
lilo,hang,0.2143
motsi,rushing,0.2143
idodin,elemental,0.2143
gangara,down,0.2139
irin,such,0.2136
nasara,prosper,0.2132
bar,left,0.2131
martaba,honorable,0.2128
hukunce,judgments,0.2128
mutunci,integrity,0.2128
shugabanni,rulers,0.2125
ai,ai,0.212
keɓe,dedicated,0.2119
mallakarsa,property,0.2105
shiryen,plans,0.2105
alherinka,goodness,0.2105
yantacce,slave,0.2105
roƙo,intercession,0.2105
duba,behold,0.2103
raunana,weak,0.209
madadin,behalf,0.209
sojoji,soldiers,0.209
zuriyarsu,descendants,0.2083
fata,leather,0.2083
ƙuruciyarka,youth,0.2078
kursiyi,sits,0.2069
himma,zealous,0.2069
taki,backward,0.2069
kamammu,captives,0.2069
ƙirƙiro,devise,0.2069
farillai,laws,0.2069
ƙafafu,fours,0.2069
shugaba,males,0.2062
ƙwarai,very,0.2056
roƙa,ask,0.2051
baza,slander,0.2051
aure,marry,0.2047
tsare,preserve,0.2037
daɗewa,shortly,0.2034
wutar,burning,0.2029
darajar,majesty,0.2022
marmarin,longed,0.2
danniyar,oppression,0.2
tsada,expensive,0.2
kururuwa,wail,0.2
dalili,wrongfully,0.2
hawa,stories,0.2
zaga,march,0.2
hannuwa,unwashed,0.2
shugabanci,judged,0.1978
yaƙe,wars,0.1972
mayanka,slaughter,0.1967
ɗibiya,laying,0.1967
durƙusa,knelt,0.1967
biya,pay,0.1955
maƙiya,adversary,0.1951
lafiyayye,restored,0.1935
riya,careless,0.1935
gida,home,0.1916
ratsa,through,0.1908
bukaci,require,0.1905
ƙaramar,younger,0.1905
ƙaruwa,increased,0.1905
baƙuwar,foreign,0.1905
ƙuna,kindled,0.1897
daina,stopped,0.1892
kucu,pieces,0.1887
ƙarfina,strength,0.1885
wuce,passed,0.1881
hannuna,stretch,0.1879
tsayi,stature,0.1875
tumakina,affection,0.1875
tsakiya,lowest,0.1875
laifofin,transgressed,0.1875
kanta,herself,0.1875
asirce,secretly,0.186
zargin,accuse,0.186
mazauna,inhabitant,0.186
bi,followed,0.1857
yanke,cut,0.1841
tashi,arise,0.184
cikinku,among,0.1836
yawan,number,0.1834
rasa,lack,0.183
haɗa,joined,0.1818
bayana,assuredly,0.1818
rigunansu,robes,0.1818
zafi,bitterly,0.1818
danniya,oppressor,0.1818
karya,break,0.181
surutun,noise,0.1786
nufin,inquire,0.1783
ayyukanka,wondrous,0.1778
kafa,set,0.1771
yalwace,abundance,0.177
sarkinta,remaining,0.1765
ɓatattun,lost,0.1765
dubawa,watched,0.1765
wayo,cunning,0.1765
ƙyar,hardly,0.1765
naɗa,appointed,0.1755
wahaloli,suffer,0.1754
hura,blows,0.1754
iyalinsa,household,0.1739
saurin,swift,0.1739
niyya,willing,0.1739
sam,never,0.1739
umarni,decree,0.1739
dubi,look,0.1733
ware,separated,0.1728
kowa,everyone,0.1725
tattaru,assemble,0.1724
ragargaje,different,0.1714
jiran,waiting,0.1714
ƙarƙashi,beneath,0.1714
ajiyar,wardrobe,0.1714
aikata,done,0.1712
marmari,longing,0.1702
kiran,calling,0.1695
zage,treated,0.1667
girmamawa,honored,0.1667
ƙaunarku,abound,0.1667
ƙayyadadden,season,0.1667
roƙon,supplication,0.1667
tuntuni,ago,0.1667
nakan,visiting,0.1667
idanunsa,eyes,0.1655
kunnuwansu,ears,0.1654
bincika,search,0.1644
damu,anxious,0.1636
tun,since,0.1626
abincinsu,due,0.1622
ishe,enough,0.1622
kawowa,lusted,0.1622
tsintsinke,arms,0.1622
gardama,dispute,0.1622
rabu,depart,0.1613
kallo,watching,0.16
wulaƙanci,dishonor,0.1579
mutuntaka,fleshly,0.1579
hau,rode,0.1579
isashen,sufficient,0.1579
bayarwa,generosity,0.1579
tsorata,terrify,0.1569
bayansa,behind,0.1565
wahalata,affliction,0.1556
farashin,price,0.1538
alkukan,stands,0.1538
bekas,beaten,0.1538
sarai,thoroughly,0.1538
kusan,almost,0.1538
alkawurana,vows,0.1538
cikinta,therein,0.153
amfanin,increase,0.1528
muguwar,perverse,0.1519
kowannenku,each,0.1503
nema,seeks,0.1495
hankali,careful,0.1491
yawo,wander,0.1489
ajiya,store,0.1481
bautar,idolatry,0.1481
rayukan,souls,0.1481
kalmomina,sayings,0.1463
tsanani,persecution,0.1446
tunani,meditate,0.1446
ƙina,hate,0.1443
ƙoƙari,tried,0.1441
baki,flattering,0.1408
gadin,guards,0.1404
bubbuge,beat,0.1404
hanyata,path,0.1404
tanada,provided,0.1395
keɓaɓɓen,lawful,0.1364
lalacewa,corrupt,0.1364
yafa,sowed,0.1364
rahoto,report,0.1364
zaunar,placed,0.1364
sanadin,ruin,0.1364
fashe,breaks,0.1364
riga,already,0.136
hukuncin,condemned,0.1351
balle,much,0.1343
girmansa,greatness,0.1333
alkawarinsa,keeps,0.1333
alhakin,upon,0.1319
hamayya,contend,0.1304
ɗebo,drew,0.127
wajajen,borders,0.125
cikina,within,0.125
shafi,matters,0.125
maganganun,defy,0.125
hana,withheld,0.1244
kula,care,0.1205
fitowa,proceeds,0.1205
shuɗe,accomplished,0.12
bin,following,0.1187
ɗuwa,falling,0.1176
ƙwace,taken,0.1162
janye,withdrew,0.1121
kawar,removed,0.1117
gabanka,presence,0.1092
maganarku,speech,0.1091
dawowar,coming,0.107
sane,knowing,0.1053
tsarkinka,allow,0.1034
cikakken,complete,0.1034
dalilin,reason,0.1017
wurinku,hindered,0.1
cuci,wrong,0.0984
batun,matter,0.098
amince,approved,0.0952
ashe,isn,0.0943
takan,produces,0.0938
shirin,plan,0.0899
nemanka,looking,0.087
ɗauka,carry,0.0855
nausa,front,0.0845
yarda,consent,0.0841
wurinsu,succeeded,0.0811
tabbatar,confirmed,0.0787
sauka,descended,0.0763
nagarta,doing,0.0727
tafe,goes,0.0645
ɗanka,nevertheless,0.0545
